{
    "data":{
        "groups":[{
            "count":372,
            "materialIndex":0,
            "start":0
        }],
        "attributes":{
            "normal":{
                "itemSize":3,
                "type":"Float32Array",
                "array":[-7.1607e-09,-0.19509,-0.980785,-7.1607e-09,-0.19509,-0.980785,-7.1607e-09,-0.19509,-0.980785,-2.86428e-08,-0.55557,-0.83147,-2.86428e-08,-0.55557,-0.83147,-2.86428e-08,-0.55557,-0.83147,-2.86428e-08,-0.83147,-0.55557,-2.86428e-08,-0.83147,-0.55557,-2.86428e-08,-0.83147,-0.55557,-2.86428e-08,-0.980785,-0.19509,-2.86428e-08,-0.980785,-0.19509,-2.86428e-08,-0.980785,-0.19509,-4.41577e-08,-0.980785,0.19509,-4.41577e-08,-0.980785,0.19509,-4.41577e-08,-0.980785,0.19509,-2.3869e-08,-0.831469,0.55557,-2.3869e-08,-0.831469,0.55557,-2.3869e-08,-0.831469,0.55557,-1.43214e-08,-0.55557,0.83147,-1.43214e-08,-0.55557,0.83147,-1.43214e-08,-0.55557,0.83147,-8.35416e-09,-0.19509,0.980785,-8.35416e-09,-0.19509,0.980785,-8.35416e-09,-0.19509,0.980785,8.35416e-09,0.19509,0.980785,8.35416e-09,0.19509,0.980785,8.35416e-09,0.19509,0.980785,2.86428e-08,0.55557,0.83147,2.86428e-08,0.55557,0.83147,2.86428e-08,0.55557,0.83147,2.3869e-08,0.831469,0.55557,2.3869e-08,0.831469,0.55557,2.3869e-08,0.831469,0.55557,2.98362e-08,0.980785,0.19509,2.98362e-08,0.980785,0.19509,2.98362e-08,0.980785,0.19509,4.41576e-08,0.980785,-0.195091,4.41576e-08,0.980785,-0.195091,4.41576e-08,0.980785,-0.195091,2.3869e-08,0.831469,-0.555571,2.3869e-08,0.831469,-0.555571,2.3869e-08,0.831469,-0.555571,0.42367,0.886223,0.187384,0.42367,0.886223,0.187384,0.42367,0.886223,0.187384,1.90952e-08,0.55557,-0.83147,1.90952e-08,0.55557,-0.83147,1.90952e-08,0.55557,-0.83147,9.54762e-09,0.19509,-0.980785,9.54762e-09,0.19509,-0.980785,9.54762e-09,0.19509,-0.980785,-1,0,0,-1,0,0,-1,0,0,-0.426035,-0.1765,-0.887323,-0.426035,-0.1765,-0.887323,-0.426035,-0.1765,-0.887323,-0.428853,-0.501888,-0.751128,-0.428853,-0.501888,-0.751128,-0.428853,-0.501888,-0.751128,-0.432162,-0.749816,-0.501011,-0.432162,-0.749816,-0.501011,-0.432162,-0.749816,-0.501011,-0.434028,-0.883589,-0.175757,-0.434028,-0.883589,-0.175757,-0.434028,-0.883589,-0.175757,-0.434028,-0.883589,0.175757,-0.434028,-0.883589,0.175757,-0.434028,-0.883589,0.175757,-0.432162,-0.749816,0.501011,-0.432162,-0.749816,0.501011,-0.432162,-0.749816,0.501011,-0.428853,-0.501888,0.751128,-0.428853,-0.501888,0.751128,-0.428853,-0.501888,0.751128,-0.426035,-0.1765,0.887323,-0.426035,-0.1765,0.887323,-0.426035,-0.1765,0.887323,-0.426035,0.176499,0.887323,-0.426035,0.176499,0.887323,-0.426035,0.176499,0.887323,-0.428853,0.501888,0.751128,-0.428853,0.501888,0.751128,-0.428853,0.501888,0.751128,-0.432162,0.749816,0.501011,-0.432162,0.749816,0.501011,-0.432162,0.749816,0.501011,-0.434028,0.883589,0.175757,-0.434028,0.883589,0.175757,-0.434028,0.883589,0.175757,-0.434028,0.883589,-0.175757,-0.434028,0.883589,-0.175757,-0.434028,0.883589,-0.175757,-0.432161,0.749816,-0.501011,-0.432161,0.749816,-0.501011,-0.432161,0.749816,-0.501011,-0.428853,0.501888,-0.751128,-0.428853,0.501888,-0.751128,-0.428853,0.501888,-0.751128,-0.426035,0.176499,-0.887323,-0.426035,0.176499,-0.887323,-0.426035,0.176499,-0.887323,1,0,0,1,0,0,1,0,0,0.426064,-0.88731,0.176497,0.426064,-0.88731,0.176497,0.426064,-0.88731,0.176497,0.434711,0.479265,0.762451,0.434711,0.479265,0.762451,0.434711,0.479265,0.762451,0.440154,0.498859,-0.746596,0.440154,0.498859,-0.746596,0.440154,0.498859,-0.746596,0.42697,-0.73723,-0.523629,0.42697,-0.73723,-0.523629,0.42697,-0.73723,-0.523629,0.444409,-0.174767,0.878611,0.444409,-0.174767,0.878611,0.444409,-0.174767,0.878611,0.442172,-0.164975,-0.881628,0.442172,-0.164975,-0.881628,0.442172,-0.164975,-0.881628,0.426064,0.88731,-0.176497,0.426064,0.88731,-0.176497,0.426064,0.88731,-0.176497,0.432568,-0.749654,0.500903,0.432568,-0.749654,0.500903,0.432568,-0.749654,0.500903,0.42697,0.73723,0.52363,0.42697,0.73723,0.52363,0.42697,0.73723,0.52363,0.444409,0.174766,-0.878611,0.444409,0.174766,-0.878611,0.444409,0.174766,-0.878611,0.42367,-0.886223,-0.187384,0.42367,-0.886223,-0.187384,0.42367,-0.886223,-0.187384,0.442172,0.164975,0.881627,0.442172,0.164975,0.881627,0.442172,0.164975,0.881627,0.432568,0.749654,-0.500903,0.432568,0.749654,-0.500903,0.432568,0.749654,-0.500903,0.43471,-0.479266,-0.762451,0.43471,-0.479266,-0.762451,0.43471,-0.479266,-0.762451,0.440153,-0.498859,0.746595,0.440153,-0.498859,0.746595,0.440153,-0.498859,0.746595,-8.72122e-09,-0.19509,-0.980785,-8.72122e-09,-0.19509,-0.980785,-8.72122e-09,-0.19509,-0.980785,-1.65573e-08,-0.55557,-0.831469,-1.65573e-08,-0.55557,-0.831469,-1.65573e-08,-0.55557,-0.831469,-2.47797e-08,-0.83147,-0.55557,-2.47797e-08,-0.83147,-0.55557,-2.47797e-08,-0.83147,-0.55557,-4.38445e-08,-0.980785,-0.195091,-4.38445e-08,-0.980785,-0.195091,-4.38445e-08,-0.980785,-0.195091,-2.92297e-08,-0.980785,0.195091,-2.92297e-08,-0.980785,0.195091,-2.92297e-08,-0.980785,0.195091,-2.47797e-08,-0.831469,0.55557,-2.47797e-08,-0.831469,0.55557,-2.47797e-08,-0.831469,0.55557,-2.48359e-08,-0.55557,0.83147,-2.48359e-08,-0.55557,0.83147,-2.48359e-08,-0.55557,0.83147,-8.52767e-09,-0.19509,0.980785,-8.52767e-09,-0.19509,0.980785,-8.52767e-09,-0.19509,0.980785,8.72121e-09,0.19509,0.980785,8.72121e-09,0.19509,0.980785,8.72121e-09,0.19509,0.980785,1.65573e-08,0.55557,0.83147,1.65573e-08,0.55557,0.83147,1.65573e-08,0.55557,0.83147,2.47797e-08,0.831469,0.55557,2.47797e-08,0.831469,0.55557,2.47797e-08,0.831469,0.55557,4.38445e-08,0.980785,0.19509,4.38445e-08,0.980785,0.19509,4.38445e-08,0.980785,0.19509,2.92297e-08,0.980785,-0.19509,2.92297e-08,0.980785,-0.19509,2.92297e-08,0.980785,-0.19509,2.47797e-08,0.831469,-0.555571,2.47797e-08,0.831469,-0.555571,2.47797e-08,0.831469,-0.555571,0.426064,0.88731,0.176497,0.426064,0.88731,0.176497,0.426064,0.88731,0.176497,2.48359e-08,0.55557,-0.83147,2.48359e-08,0.55557,-0.83147,2.48359e-08,0.55557,-0.83147,8.52766e-09,0.19509,-0.980785,8.52766e-09,0.19509,-0.980785,8.52766e-09,0.19509,-0.980785,-1,0,0,-1,0,0,-1,0,0,-1,-0,-0,-1,-0,-0,-1,-0,-0,-1,-0,-0,-1,-0,-0,-1,-0,-0,-1,-0,0,-1,-0,0,-1,-0,0,-1,-0,0,-1,0,0,-1,0,0,-1,0,0,-1,0,0,-1,0,0,-1,-0,-0,-1,0,0,-1,0,0,-1,0,0,-1,0,0,-0.425029,-0.180926,-0.886914,-0.425029,-0.180926,-0.886914,-0.425029,-0.180926,-0.886914,-0.426458,-0.511289,-0.746135,-0.426458,-0.511289,-0.746135,-0.426458,-0.511289,-0.746135,-0.429794,-0.756524,-0.492899,-0.429794,-0.756524,-0.492899,-0.429794,-0.756524,-0.492899,-0.43305,-0.884879,-0.171628,-0.43305,-0.884879,-0.171628,-0.43305,-0.884879,-0.171628,-0.43305,-0.884879,0.171628,-0.43305,-0.884879,0.171628,-0.43305,-0.884879,0.171628,-0.429794,-0.756523,0.492899,-0.429794,-0.756523,0.492899,-0.429794,-0.756523,0.492899,-0.426458,-0.511289,0.746135,-0.426458,-0.511289,0.746135,-0.426458,-0.511289,0.746135,-0.425029,-0.180926,0.886914,-0.425029,-0.180926,0.886914,-0.425029,-0.180926,0.886914,-0.425029,0.180925,0.886914,-0.425029,0.180925,0.886914,-0.425029,0.180925,0.886914,-0.426458,0.511289,0.746135,-0.426458,0.511289,0.746135,-0.426458,0.511289,0.746135,-0.429794,0.756523,0.492899,-0.429794,0.756523,0.492899,-0.429794,0.756523,0.492899,-0.43305,0.884879,0.171628,-0.43305,0.884879,0.171628,-0.43305,0.884879,0.171628,-0.43305,0.884879,-0.171628,-0.43305,0.884879,-0.171628,-0.43305,0.884879,-0.171628,-0.429794,0.756523,-0.492899,-0.429794,0.756523,-0.492899,-0.429794,0.756523,-0.492899,-0.426458,0.511289,-0.746135,-0.426458,0.511289,-0.746135,-0.426458,0.511289,-0.746135,-0.425029,0.180925,-0.886914,-0.425029,0.180925,-0.886914,-0.425029,0.180925,-0.886914,1,0,0,1,0,0,1,0,0,1,0,0,1,0,0,1,0,0,1,0,0,1,-0,0,1,-0,0,1,0,0,1,0,0,1,0,0,1,0,0,0.42367,-0.886223,0.187384,0.42367,-0.886223,0.187384,0.42367,-0.886223,0.187384,0.440154,0.498859,0.746595,0.440154,0.498859,0.746595,0.440154,0.498859,0.746595,0.434711,0.479265,-0.762451,0.434711,0.479265,-0.762451,0.434711,0.479265,-0.762451,0.432568,-0.749654,-0.500903,0.432568,-0.749654,-0.500903,0.432568,-0.749654,-0.500903,0.442172,-0.164975,0.881628,0.442172,-0.164975,